borrower_id,borrower_name,industry,sub_industry,incorporation_date,legal_structure,district,relationship_manager,onboarding_date
SME1000,"Romero, Gonzalez and Levy",Light Engineering,Fabrication,2017-03-05,Sole Proprietorship,Sylhet,Jay Morgan,2022-01-28
SME1001,"Rivas, Stanley and Hernandez",Food & Beverage,Processed Food,2020-09-15,Partnership,Chattogram,Amanda Washington,2023-04-02
SME1002,"Green, Quinn and Espinoza",Light Engineering,Fabrication,2013-10-29,Sole Proprietorship,Khulna,Michael Torres,2024-09-25
SME1003,"Bond, Vasquez and Gray",Pharmaceutical,Formulation,2021-07-26,Sole Proprietorship,Dhaka,Douglas Reyes,2023-09-19
SME1004,Thomas-Williams,Textile,Spinning,2021-09-05,Sole Proprietorship,Khulna,David Hunter,2025-12-07
SME1005,"Montes, Potter and Leblanc",Textile,Finishing,2011-10-05,Public Limited,Chattogram,Julie Spence,2024-08-07
SME1006,"Moore, Fischer and Smith",Pharmaceutical,Packaging,2016-01-19,Private Limited,Bogura,Sierra Smith,2024-02-11
SME1007,Mcintyre and Sons,RMG,Knitwear,2018-04-10,Public Limited,Narayanganj,Robert Randall,2024-12-13
SME1008,"Dean, Mitchell and Bishop",Food & Beverage,Processed Food,2022-08-21,Partnership,Bogura,Kimberly Miller,2024-09-22
SME1009,Morgan-Cruz,Food & Beverage,Processed Food,2022-08-13,Sole Proprietorship,Gazipur,Lisa Bailey,2022-05-20
SME1010,"Hull, Gay and Murray",RMG,Woven,2015-07-14,Private Limited,Khulna,Amanda Terry,2022-10-03
SME1011,"Boyle, Jones and Mcgee",Food & Beverage,Processed Food,2016-07-11,Public Limited,Khulna,Adam Shaffer,2022-10-02
SME1012,"Ellis, Hill and Walker",RMG,Woven,2024-05-25,Sole Proprietorship,Khulna,Joseph Hill,2025-05-22
SME1013,Woods-Robinson,Food & Beverage,Agro,2022-01-09,Private Limited,Khulna,Judy Bell,2025-05-09
SME1014,Evans-Morris,Textile,Finishing,2012-01-17,Sole Proprietorship,Dhaka,Joseph Bennett,2022-02-26
SME1015,"Hodges, Wong and Lewis",Light Engineering,Fabrication,2019-02-11,Private Limited,Dhaka,Evan Fritz,2023-01-15
SME1016,Harvey Inc,Textile,Spinning,2022-02-11,Public Limited,Narayanganj,Patrick Roberts,2023-01-03
SME1017,Howard-Campbell,Pharmaceutical,Packaging,2020-05-28,Private Limited,Chattogram,Brandy Scott,2024-08-23
SME1018,"Ross, Rogers and Mills",Food & Beverage,Beverage,2013-01-15,Partnership,Sylhet,Jennifer West,2022-01-21
SME1019,"Lozano, Pace and Norton",Food & Beverage,Agro,2013-09-29,Sole Proprietorship,Khulna,Tracey Cannon,2022-04-19
SME1020,Hutchinson Ltd,Light Engineering,Fabrication,2019-01-31,Partnership,Chattogram,Johnny Lozano,2024-06-12
SME1021,Sanchez-Dunn,Pharmaceutical,API,2020-04-21,Private Limited,Sylhet,Virginia Schneider,2025-12-20
SME1022,Middleton Group,Light Engineering,Electrical,2013-11-17,Partnership,Sylhet,Tiffany Lyons,2022-05-11
SME1023,"Tran, Phillips and Anderson",Food & Beverage,Processed Food,2012-03-07,Partnership,Bogura,Jody Johnson,2026-08-11
SME1024,Snyder-Lopez,RMG,Woven,2024-01-31,Public Limited,Narayanganj,Tamara Wiggins,2026-05-29
SME1025,Brewer Ltd,RMG,Knitwear,2018-03-02,Private Limited,Chattogram,Margaret Green,2026-03-21
SME1026,"Washington, Keith and Miller",Light Engineering,Machinery,2007-07-19,Public Limited,Sylhet,Zachary Aguirre,2024-05-15
SME1027,Davenport PLC,Pharmaceutical,Formulation,2012-10-20,Private Limited,Chattogram,Raymond Lewis,2023-06-22
SME1028,Hall-Clark,Textile,Finishing,2011-07-27,Private Limited,Sylhet,Craig Reynolds,2023-12-05
SME1029,"Carlson, Diaz and Johnson",Trading,Export,2016-05-24,Public Limited,Narayanganj,Marcus Gomez,2021-12-16
SME1030,"Ware, Carey and Powers",Textile,Spinning,2020-08-04,Public Limited,Dhaka,Brian Robinson,2024-09-09
SME1031,Benton Ltd,RMG,Knitwear,2023-04-01,Partnership,Sylhet,Ryan Johnson,2024-12-02
SME1032,"White, Smith and Powell",Textile,Finishing,2018-11-18,Public Limited,Khulna,Justin Perez,2025-11-05
SME1033,Johns PLC,RMG,Woven,2016-08-27,Public Limited,Khulna,Spencer Rogers,2024-12-31
SME1034,Wong-Scott,Pharmaceutical,Packaging,2011-07-25,Private Limited,Khulna,Harry Rodriguez,2022-12-09
SME1035,"Munoz, Barajas and Adams",RMG,Garments Accessories,2006-11-20,Sole Proprietorship,Sylhet,Austin Watts,2024-03-07
SME1036,Brown and Sons,Trading,Export,2010-07-22,Private Limited,Dhaka,Jordan Ford,2023-02-26
SME1037,"Shelton, Torres and Ballard",Food & Beverage,Beverage,2010-05-16,Partnership,Gazipur,Hayley Stevens,2026-08-29
SME1038,"Ferrell, Scott and Gray",RMG,Garments Accessories,2011-06-05,Private Limited,Khulna,Douglas Hernandez,2021-10-23
SME1039,"Brown, Hayes and Alvarez",Textile,Finishing,2009-12-27,Sole Proprietorship,Bogura,Nancy Anderson,2025-11-14
SME1040,"Patterson, Fisher and Johnson",Light Engineering,Machinery,2024-07-30,Partnership,Chattogram,Debbie Cervantes,2024-08-10
SME1041,"Pennington, Matthews and Taylor",Food & Beverage,Processed Food,2008-01-07,Sole Proprietorship,Khulna,Edward Nelson,2025-07-01
SME1042,Davis-Herrera,Food & Beverage,Beverage,2020-01-07,Sole Proprietorship,Dhaka,Richard Houston,2026-04-03
SME1043,"Henderson, Martin and Blackwell",Food & Beverage,Beverage,2019-11-21,Partnership,Dhaka,Tracy Smith,2025-05-18
SME1044,Henry and Sons,Textile,Finishing,2009-01-14,Sole Proprietorship,Dhaka,Michael Robinson,2026-07-19
SME1045,"Harvey, Riley and Taylor",Light Engineering,Machinery,2008-11-05,Sole Proprietorship,Bogura,Michael Morrison,2025-11-08
SME1046,Miller LLC,Trading,Import,2012-06-21,Partnership,Sylhet,Crystal Wang MD,2025-10-18
SME1047,Reyes-Edwards,Pharmaceutical,Packaging,2023-03-19,Partnership,Narayanganj,John Kirk,2024-01-25
SME1048,Woods Ltd,Trading,Distribution,2018-04-18,Public Limited,Chattogram,Ruth Warren,2022-04-13
SME1049,"Waters, Ruiz and Moss",Trading,Distribution,2021-03-24,Partnership,Sylhet,Miguel Chang,2023-09-20
SME1050,Dunn PLC,Food & Beverage,Beverage,2007-05-03,Private Limited,Gazipur,Anthony Tran,2026-03-31
SME1051,"Martinez, Crane and Chapman",Trading,Export,2021-02-23,Sole Proprietorship,Chattogram,Kevin Pacheco,2026-05-20
SME1052,Peck Inc,Textile,Spinning,2012-06-07,Private Limited,Dhaka,Mr. William Harrington,2021-12-30
SME1053,Lambert Inc,Trading,Distribution,2011-08-29,Partnership,Khulna,Elizabeth Cook,2024-05-26
SME1054,Gonzalez-Weiss,Textile,Spinning,2015-11-25,Sole Proprietorship,Sylhet,Lindsey Ortiz,2023-06-16
SME1055,Gilbert-Short,Light Engineering,Fabrication,2017-01-14,Partnership,Dhaka,Jose Murphy,2024-02-03
SME1056,Ray PLC,RMG,Woven,2013-08-04,Sole Proprietorship,Khulna,Matthew Byrd,2022-03-15
SME1057,Clark-Bush,Textile,Dyeing,2015-12-02,Public Limited,Chattogram,Randy Herrera,2022-06-20
SME1058,Freeman Ltd,Trading,Import,2011-12-28,Public Limited,Chattogram,Chad Benson,2024-03-20
SME1059,Campbell Ltd,Pharmaceutical,API,2018-12-12,Partnership,Dhaka,Timothy Brown,2024-09-27
SME1060,Fisher Ltd,RMG,Garments Accessories,2020-05-09,Public Limited,Narayanganj,Michael Morales,2022-08-01
SME1061,Harris Ltd,Pharmaceutical,API,2010-04-04,Public Limited,Bogura,Benjamin Harrison,2025-11-11
SME1062,"Spencer, Henson and Jones",Light Engineering,Fabrication,2011-07-28,Sole Proprietorship,Dhaka,Kathryn Wilson,2024-04-10
SME1063,Hill Inc,Pharmaceutical,Packaging,2009-09-09,Private Limited,Bogura,Alex Perry,2026-09-23
SME1064,Chandler Group,RMG,Knitwear,2012-03-05,Partnership,Chattogram,Drew Joyce,2021-12-16
SME1065,"Zuniga, Kim and Walker",Trading,Export,2007-01-05,Partnership,Gazipur,Tyler Black,2025-05-27
SME1066,Duran-Wilson,Textile,Dyeing,2007-02-16,Public Limited,Chattogram,Robert Thompson,2022-09-23
SME1067,Black PLC,RMG,Woven,2017-10-28,Sole Proprietorship,Dhaka,Kimberly Sullivan,2025-04-28
SME1068,Mejia and Sons,Light Engineering,Electrical,2014-11-13,Sole Proprietorship,Dhaka,Jonathan Mosley,2024-06-20
SME1069,Baker-Munoz,Textile,Spinning,2008-01-21,Public Limited,Gazipur,Theresa Allen,2023-02-16
SME1070,Larsen Group,Pharmaceutical,Formulation,2021-09-10,Public Limited,Dhaka,Amanda Hanson,2023-04-16
SME1071,"Daniels, Jones and Craig",Textile,Dyeing,2014-01-20,Sole Proprietorship,Gazipur,John Davis,2024-05-23
SME1072,"Caldwell, Johnson and Peters",Food & Beverage,Beverage,2023-05-03,Private Limited,Gazipur,Stephanie Simpson,2022-05-04
SME1073,Cardenas-Johnson,Light Engineering,Electrical,2017-09-08,Public Limited,Chattogram,Leah Carey,2021-10-19
SME1074,"Thomas, Powell and Taylor",Textile,Dyeing,2013-03-08,Partnership,Dhaka,Melissa Todd,2023-02-03
SME1075,Wolf Group,Trading,Distribution,2010-10-08,Sole Proprietorship,Sylhet,Heather Reed,2023-01-31
SME1076,Carroll-Gomez,Food & Beverage,Processed Food,2022-04-10,Sole Proprietorship,Khulna,Makayla Mullins,2026-08-27
SME1077,Thompson Group,Pharmaceutical,Packaging,2014-03-07,Partnership,Dhaka,John Gomez,2023-12-29
SME1078,"Moreno, Bailey and Davis",Trading,Import,2009-11-03,Partnership,Dhaka,Kathleen Foster,2023-04-25
SME1079,"Collins, Mcfarland and Wells",Trading,Import,2011-04-25,Partnership,Gazipur,Madison Hale,2023-11-22
SME1080,Harper Inc,RMG,Garments Accessories,2016-02-06,Partnership,Khulna,Lauren Benjamin,2022-10-12
SME1081,Smith-Price,Trading,Import,2019-08-24,Sole Proprietorship,Gazipur,Sandra Ferguson,2024-07-13
SME1082,Watson-Davis,Light Engineering,Electrical,2019-11-17,Private Limited,Narayanganj,Brandy Bennett,2023-08-22
SME1083,Hansen Inc,Textile,Finishing,2023-07-30,Private Limited,Chattogram,Joshua Molina,2022-12-28
SME1084,Vaughan PLC,Food & Beverage,Beverage,2021-12-01,Partnership,Sylhet,Nicholas Lawson,2022-12-26
SME1085,Singleton-Lopez,Light Engineering,Machinery,2006-12-21,Public Limited,Narayanganj,Jamie Baker,2023-07-15
SME1086,"Wright, Miller and Williams",RMG,Knitwear,2022-07-08,Public Limited,Khulna,Sharon Perry,2021-12-12
SME1087,Patel-Freeman,Trading,Import,2011-08-25,Sole Proprietorship,Khulna,Scott Acosta,2023-07-22
SME1088,Lambert Inc,Textile,Finishing,2013-11-29,Private Limited,Chattogram,Robert Hill,2022-02-03
SME1089,Lee and Sons,Food & Beverage,Processed Food,2018-03-24,Partnership,Narayanganj,Cassandra Lewis,2023-04-15
SME1090,Schroeder Ltd,Food & Beverage,Processed Food,2012-01-07,Public Limited,Bogura,Jeremy Cobb,2024-11-12
SME1091,"Taylor, Riggs and Martin",Trading,Distribution,2012-03-24,Private Limited,Khulna,Norman Farrell,2026-06-06
SME1092,Douglas-Jackson,Light Engineering,Electrical,2010-06-26,Sole Proprietorship,Sylhet,Joseph Allen,2026-09-21
SME1093,Marquez Group,Trading,Export,2021-04-10,Sole Proprietorship,Chattogram,Richard Harris,2026-09-28
SME1094,Norman and Sons,Food & Beverage,Processed Food,2024-08-03,Sole Proprietorship,Sylhet,Tracy Smith,2023-08-26
SME1095,"Ochoa, Hardin and Miller",Trading,Import,2012-06-20,Private Limited,Narayanganj,Nancy Perez,2024-02-23
SME1096,Cox Group,Trading,Import,2015-02-08,Private Limited,Chattogram,Lauren Mcdonald,2022-06-17
SME1097,"Sandoval, Powers and Neal",Light Engineering,Electrical,2024-09-08,Private Limited,Khulna,James Byrd,2026-05-06
SME1098,York-Martin,Pharmaceutical,API,2012-10-05,Sole Proprietorship,Dhaka,Daniel Nelson,2026-09-20
SME1099,"Jenkins, Walton and Walker",Light Engineering,Machinery,2014-08-20,Private Limited,Dhaka,Paul Miller,2024-07-15
SME1100,Wilson-Crawford,RMG,Woven,2010-02-25,Partnership,Sylhet,Jason Rivers,2025-10-22
SME1101,Baird Inc,Food & Beverage,Processed Food,2011-12-18,Public Limited,Khulna,Carl Robinson,2026-02-01
SME1102,"Rodriguez, Davis and Harrison",Light Engineering,Machinery,2013-03-21,Sole Proprietorship,Dhaka,Tina Miller,2025-03-01
SME1103,Jackson-Scott,RMG,Garments Accessories,2009-07-01,Partnership,Khulna,Ashley Miller,2024-10-14
SME1104,Brown Inc,RMG,Woven,2012-02-04,Partnership,Gazipur,Steven Perkins,2021-11-20
SME1105,Adams LLC,Textile,Spinning,2017-01-02,Private Limited,Narayanganj,Jacob Lee,2022-10-30
SME1106,"Thompson, Henderson and Montgomery",RMG,Woven,2018-10-14,Partnership,Sylhet,Tabitha Ellison,2023-01-24
SME1107,Jones-Edwards,Textile,Finishing,2010-01-28,Sole Proprietorship,Narayanganj,Kimberly Johnson,2026-03-30
SME1108,"Meadows, Roth and Garcia",Trading,Export,2010-10-08,Partnership,Chattogram,Nicole Robinson,2026-04-02
SME1109,Rosales-Bryant,Textile,Spinning,2018-10-20,Public Limited,Dhaka,Kevin Wood,2023-12-24
SME1110,Riley PLC,Textile,Finishing,2015-05-29,Private Limited,Bogura,Jose Bell,2025-02-04
SME1111,Burns and Sons,Pharmaceutical,Packaging,2011-01-17,Partnership,Narayanganj,Misty Garza,2026-03-19
SME1112,Simmons Ltd,Textile,Finishing,2022-03-04,Sole Proprietorship,Gazipur,Hannah Carroll,2024-11-18
SME1113,Lam Group,RMG,Woven,2012-02-02,Partnership,Chattogram,Bobby Crawford,2024-05-25
SME1114,Herring Inc,Pharmaceutical,API,2007-09-08,Private Limited,Bogura,Shane Gomez,2025-09-20
SME1115,"Carter, Riley and Cisneros",Textile,Spinning,2010-12-21,Sole Proprietorship,Sylhet,Latasha Stein,2024-01-07
SME1116,"Williams, Freeman and Weber",Textile,Dyeing,2017-04-25,Private Limited,Narayanganj,Tammy Smith,2024-02-07
SME1117,Paul-Smith,RMG,Woven,2021-02-28,Private Limited,Sylhet,Matthew Fisher,2026-06-22
SME1118,"Freeman, Williams and Avery",Trading,Export,2009-09-26,Private Limited,Dhaka,Nancy Byrd,2025-07-10
SME1119,Smith and Sons,RMG,Woven,2016-09-12,Partnership,Khulna,Isaiah Petty,2023-03-15
